user_id,text
user_001,Reading about tax policy this morning — highly recommend.
user_001,Reading about climate policy this morning — highly recommend.
user_002,Why does no one talk about election integrity enough? It really matters.
user_002,The election integrity situation has been on my mind a lot lately.
user_003,Had a great conversation today about mental health. So much nuance.
user_003,Reading about renewable energy this morning — highly recommend.
user_004,Today I'm thinking about gun safety and what it means for all of us.
user_004,What's everyone's take on renewable energy? I'm genuinely curious.
user_005,Today I'm thinking about student debt and what it means for all of us.
user_005,Why does no one talk about media bias enough? It really matters.
user_006,Excited to share my thoughts on housing affordability with everyone.
user_006,What's everyone's take on minimum wage? I'm genuinely curious.
user_007,Can we talk about renewable energy? There's so much to unpack here.
user_007,New report on immigration reform just dropped. The findings are surprising.
user_008,Excited to share my thoughts on tax policy with everyone.
user_008,Why does no one talk about infrastructure enough? It really matters.
user_009,Why does no one talk about housing affordability enough? It really matters.
user_009,"Reminder that minimum wage affects everyone, not just a few."
user_010,Excited to share my thoughts on mental health with everyone.
user_010,Hot take: media bias is more complicated than people think.
user_011,What's everyone's take on renewable energy? I'm genuinely curious.
user_011,Hot take: foreign policy is more complicated than people think.
user_012,Just saw the news about renewable energy. Interesting times ahead.
user_012,Why does no one talk about tech regulation enough? It really matters.
user_013,"Reminder that tax policy affects everyone, not just a few."
user_013,Can we talk about climate policy? There's so much to unpack here.
user_014,Why does no one talk about tax policy enough? It really matters.
user_014,Reading about student debt this morning — highly recommend.
user_015,Hot take: healthcare costs is more complicated than people think.
user_015,Why does no one talk about tax policy enough? It really matters.
user_016,"Reminder that education funding affects everyone, not just a few."
user_016,The tax policy situation has been on my mind a lot lately.
user_017,Long thread incoming on healthcare costs — stay tuned.
user_017,Hot take: tech regulation is more complicated than people think.
user_018,Long thread incoming on media bias — stay tuned.
user_018,Can we talk about election integrity? There's so much to unpack here.
user_019,Unpopular opinion: gun safety deserves way more attention.
user_019,Long thread incoming on election integrity — stay tuned.
user_020,Unpopular opinion: labor rights deserves way more attention.
user_020,Reading about student debt this morning — highly recommend.
user_021,"Reminder that gun safety affects everyone, not just a few."
user_021,Why does no one talk about healthcare costs enough? It really matters.
user_022,What's everyone's take on housing affordability? I'm genuinely curious.
user_022,New report on minimum wage just dropped. The findings are surprising.
user_023,Excited to share my thoughts on foreign policy with everyone.
user_023,Had a great conversation today about education funding. So much nuance.
user_024,Excited to share my thoughts on immigration reform with everyone.
user_024,Unpopular opinion: education funding deserves way more attention.
user_025,Just saw the news about gun safety. Interesting times ahead.
user_025,Reading about tax policy this morning — highly recommend.
user_026,Just saw the news about election integrity. Interesting times ahead.
user_026,Why does no one talk about media bias enough? It really matters.
user_027,"Reminder that student debt affects everyone, not just a few."
user_027,Can we talk about election integrity? There's so much to unpack here.
user_028,New report on minimum wage just dropped. The findings are surprising.
user_028,The housing affordability situation has been on my mind a lot lately.
user_029,Excited to share my thoughts on tech regulation with everyone.
user_029,Quick update on foreign policy: things are moving fast.
user_030,Hot take: education funding is more complicated than people think.
user_030,Just saw the news about immigration reform. Interesting times ahead.
user_031,Why does no one talk about media bias enough? It really matters.
user_031,Reading about housing affordability this morning — highly recommend.
user_032,What's everyone's take on media bias? I'm genuinely curious.
user_032,What's everyone's take on labor rights? I'm genuinely curious.
user_033,Unpopular opinion: renewable energy deserves way more attention.
user_033,Reading about student debt this morning — highly recommend.
user_034,Long thread incoming on healthcare costs — stay tuned.
user_034,Quick update on gun safety: things are moving fast.
user_035,Today I'm thinking about foreign policy and what it means for all of us.
user_035,Just saw the news about education funding. Interesting times ahead.
user_036,Had a great conversation today about climate policy. So much nuance.
user_036,New report on foreign policy just dropped. The findings are surprising.
user_037,Just saw the news about immigration reform. Interesting times ahead.
user_037,Reading about infrastructure this morning — highly recommend.
user_038,Reading about foreign policy this morning — highly recommend.
user_038,Hot take: gun safety is more complicated than people think.
user_039,"Reminder that tax policy affects everyone, not just a few."
user_039,Can we talk about tax policy? There's so much to unpack here.
user_040,The social media situation has been on my mind a lot lately.
user_040,Today I'm thinking about housing affordability and what it means for all of us.
user_041,Hot take: social media is more complicated than people think.
user_041,The tax policy situation has been on my mind a lot lately.
user_042,Had a great conversation today about labor rights. So much nuance.
user_042,"Reminder that renewable energy affects everyone, not just a few."
user_043,Reading about education funding this morning — highly recommend.
user_043,Today I'm thinking about foreign policy and what it means for all of us.
user_044,Can we talk about labor rights? There's so much to unpack here.
user_044,"Reminder that infrastructure affects everyone, not just a few."
user_045,Just saw the news about renewable energy. Interesting times ahead.
user_045,Reading about gun safety this morning — highly recommend.
user_046,Excited to share my thoughts on infrastructure with everyone.
user_046,Today I'm thinking about tax policy and what it means for all of us.
user_047,Reading about healthcare costs this morning — highly recommend.
user_047,Excited to share my thoughts on foreign policy with everyone.
user_048,Hot take: media bias is more complicated than people think.
user_048,Reading about tax policy this morning — highly recommend.
user_049,Just saw the news about election integrity. Interesting times ahead.
user_049,What's everyone's take on immigration reform? I'm genuinely curious.
user_050,Unpopular opinion: climate policy deserves way more attention.
user_050,Unpopular opinion: gun safety deserves way more attention.
user_051,Excited to share my thoughts on housing affordability with everyone.
user_051,Reading about housing affordability this morning — highly recommend.
user_052,"Reminder that tech regulation affects everyone, not just a few."
user_052,Reading about media bias this morning — highly recommend.
user_053,What's everyone's take on foreign policy? I'm genuinely curious.
user_053,The tax policy situation has been on my mind a lot lately.
user_054,Excited to share my thoughts on student debt with everyone.
user_054,Unpopular opinion: tech regulation deserves way more attention.
user_055,Excited to share my thoughts on infrastructure with everyone.
user_055,What's everyone's take on tech regulation? I'm genuinely curious.
user_056,Can we talk about foreign policy? There's so much to unpack here.
user_056,New report on gun safety just dropped. The findings are surprising.
user_057,Quick update on infrastructure: things are moving fast.
user_057,Why does no one talk about climate policy enough? It really matters.
user_058,What's everyone's take on media bias? I'm genuinely curious.
user_058,"Reminder that tax policy affects everyone, not just a few."
user_059,Hot take: student debt is more complicated than people think.
user_059,Unpopular opinion: tax policy deserves way more attention.
user_060,Today I'm thinking about renewable energy and what it means for all of us.
user_060,New report on renewable energy just dropped. The findings are surprising.
user_061,Reading about social media this morning — highly recommend.
user_061,"Reminder that minimum wage affects everyone, not just a few."
user_062,Excited to share my thoughts on labor rights with everyone.
user_062,Excited to share my thoughts on gun safety with everyone.
user_063,Today I'm thinking about tax policy and what it means for all of us.
user_063,What's everyone's take on labor rights? I'm genuinely curious.
user_064,Had a great conversation today about tech regulation. So much nuance.
user_064,Reading about healthcare costs this morning — highly recommend.
user_065,Unpopular opinion: social media deserves way more attention.
user_065,"Reminder that housing affordability affects everyone, not just a few."
user_066,"Reminder that student debt affects everyone, not just a few."
user_066,Can we talk about infrastructure? There's so much to unpack here.
user_067,Just saw the news about tech regulation. Interesting times ahead.
user_067,The tech regulation situation has been on my mind a lot lately.
user_068,Reading about foreign policy this morning — highly recommend.
user_068,Today I'm thinking about labor rights and what it means for all of us.
user_069,Can we talk about social media? There's so much to unpack here.
user_069,"Reminder that renewable energy affects everyone, not just a few."
user_070,Today I'm thinking about tax policy and what it means for all of us.
user_070,"Reminder that renewable energy affects everyone, not just a few."
user_071,Long thread incoming on education funding — stay tuned.
user_071,Excited to share my thoughts on media bias with everyone.
user_072,What's everyone's take on education funding? I'm genuinely curious.
user_072,The housing affordability situation has been on my mind a lot lately.
user_073,Had a great conversation today about housing affordability. So much nuance.
user_073,Reading about immigration reform this morning — highly recommend.
user_074,Why does no one talk about climate policy enough? It really matters.
user_074,Just saw the news about social media. Interesting times ahead.
user_075,Just saw the news about media bias. Interesting times ahead.
user_075,Today I'm thinking about mental health and what it means for all of us.
user_076,Hot take: election integrity is more complicated than people think.
user_076,Unpopular opinion: gun safety deserves way more attention.
user_077,Had a great conversation today about immigration reform. So much nuance.
user_077,Hot take: immigration reform is more complicated than people think.
user_078,Long thread incoming on labor rights — stay tuned.
user_078,Long thread incoming on election integrity — stay tuned.
user_079,Quick update on tech regulation: things are moving fast.
user_079,Excited to share my thoughts on student debt with everyone.
user_080,Why does no one talk about student debt enough? It really matters.
user_080,Why does no one talk about climate policy enough? It really matters.
user_081,Reading about media bias this morning — highly recommend.
user_081,Had a great conversation today about renewable energy. So much nuance.
user_082,Can we talk about student debt? There's so much to unpack here.
user_082,Today I'm thinking about media bias and what it means for all of us.
user_083,The foreign policy situation has been on my mind a lot lately.
user_083,Reading about media bias this morning — highly recommend.
user_084,The tax policy situation has been on my mind a lot lately.
user_084,Can we talk about election integrity? There's so much to unpack here.
user_085,Long thread incoming on mental health — stay tuned.
user_085,Long thread incoming on media bias — stay tuned.
user_086,Why does no one talk about climate policy enough? It really matters.
user_086,"Reminder that labor rights affects everyone, not just a few."
user_087,Just saw the news about healthcare costs. Interesting times ahead.
user_087,Quick update on tax policy: things are moving fast.
user_088,Quick update on media bias: things are moving fast.
user_088,New report on election integrity just dropped. The findings are surprising.
user_089,New report on mental health just dropped. The findings are surprising.
user_089,Excited to share my thoughts on minimum wage with everyone.
user_090,Why does no one talk about tech regulation enough? It really matters.
user_090,Had a great conversation today about housing affordability. So much nuance.
user_091,Had a great conversation today about healthcare costs. So much nuance.
user_091,Why does no one talk about student debt enough? It really matters.
user_092,Long thread incoming on mental health — stay tuned.
user_092,What's everyone's take on tech regulation? I'm genuinely curious.
user_093,Quick update on media bias: things are moving fast.
user_093,Today I'm thinking about gun safety and what it means for all of us.
user_094,Excited to share my thoughts on tech regulation with everyone.
user_094,New report on renewable energy just dropped. The findings are surprising.
user_095,Today I'm thinking about infrastructure and what it means for all of us.
user_095,Unpopular opinion: foreign policy deserves way more attention.
user_096,Hot take: foreign policy is more complicated than people think.
user_096,Quick update on tax policy: things are moving fast.
user_097,Why does no one talk about social media enough? It really matters.
user_097,New report on housing affordability just dropped. The findings are surprising.
user_098,Can we talk about tech regulation? There's so much to unpack here.
user_098,New report on election integrity just dropped. The findings are surprising.
user_099,Had a great conversation today about labor rights. So much nuance.
user_099,"Reminder that renewable energy affects everyone, not just a few."
user_100,Can we talk about labor rights? There's so much to unpack here.
user_100,Just saw the news about foreign policy. Interesting times ahead.
